User1,User2,Interaction_Type,Timestamp,Message
Frank,Ivy,Like,1/3/2025 7:47,Nice insight!
Hannah,Alice,Follow,1/2/2025 5:22,Love it!
Frank,Ivy,Mention,1/2/2025 17:52,Following you now.
David,Eve,Like,1/2/2025 9:18,Happy to connect.
Charlie,Ivy,Comment,1/3/2025 10:28,Amazing content!
Bob,Alice,Follow,1/1/2025 1:13,Inspirational!
David,Charlie,Comment,1/1/2025 8:50,Happy to connect.
Eve,David,Mention,1/2/2025 3:59,Brilliant work!
Grace,Bob,Share,1/3/2025 22:57,Check this out!
Hannah,David,Comment,1/1/2025 22:42,Great post!
Ivy,Eve,Comment,1/2/2025 8:58,"Very useful, thanks!"
Charlie,Alice,Follow,1/2/2025 8:51,Fantastic idea!
Hannah,Frank,Comment,1/1/2025 19:21,Fantastic idea!
Jack,Grace,Share,1/2/2025 16:19,Happy to connect.
Bob,Frank,Mention,1/2/2025 23:38,Excellent content!
Alice,Eve,Mention,1/3/2025 2:02,Inspirational!
Jack,Hannah,Share,1/3/2025 4:47,Fantastic idea!
Grace,Frank,Like,1/2/2025 3:32,Great post!
Alice,Bob,Comment,1/3/2025 3:26,Excellent content!
Grace,Alice,Mention,1/2/2025 9:03,Excellent content!
Bob,David,Share,1/1/2025 21:35,Interesting thought.
Bob,Frank,Share,1/2/2025 14:05,Keep it up!
Grace,Bob,Comment,1/3/2025 3:54,Excellent content!
Hannah,Ivy,Share,1/2/2025 16:53,Fantastic idea!
Frank,Grace,Mention,1/1/2025 21:14,Inspirational!
Grace,Jack,Follow,1/2/2025 2:10,Nice insight!
Ivy,Alice,Share,1/1/2025 9:11,Inspirational!
Grace,Alice,Comment,1/3/2025 10:03,Happy to connect.
Eve,Jack,Share,1/1/2025 1:58,Excellent content!
Ivy,Alice,Share,1/3/2025 21:03,Check this out!
Hannah,Grace,Follow,1/2/2025 14:26,Interesting thought.
Charlie,Bob,Like,1/3/2025 18:34,Excellent content!
Grace,Eve,Like,1/3/2025 18:48,Check this out!
Charlie,Ivy,Mention,1/3/2025 13:14,Following you now.
Frank,Ivy,Follow,1/2/2025 14:33,Check this out!
Charlie,Alice,Mention,1/1/2025 15:14,Thanks for sharing!
Bob,Frank,Comment,1/3/2025 15:52,Excellent content!
Alice,Grace,Follow,1/3/2025 23:25,Keep it up!
Bob,Jack,Like,1/1/2025 13:53,Following you now.
Frank,Alice,Follow,1/2/2025 11:24,Keep it up!
Frank,Hannah,Like,1/2/2025 22:06,Interesting thought.
Alice,Hannah,Mention,1/1/2025 3:04,Nice insight!
Alice,Frank,Follow,1/3/2025 9:15,Amazing content!
Hannah,Charlie,Comment,1/2/2025 15:08,Happy to connect.
Eve,Bob,Like,1/3/2025 20:26,Nice insight!
David,Eve,Share,1/3/2025 5:46,Great post!
Bob,Hannah,Comment,1/3/2025 22:45,Check this out!
Bob,Frank,Like,1/1/2025 7:41,"Very useful, thanks!"
David,Hannah,Follow,1/3/2025 0:13,Happy to connect.
Charlie,Jack,Follow,1/1/2025 8:20,Inspirational!
Grace,Alice,Mention,1/2/2025 13:51,Nice insight!
Hannah,Frank,Mention,1/3/2025 14:50,"Very useful, thanks!"
Grace,Bob,Follow,1/2/2025 18:15,Inspirational!
Bob,Charlie,Like,1/3/2025 15:38,Happy to connect.
David,Eve,Like,1/2/2025 15:26,Excellent content!
Eve,Bob,Follow,1/1/2025 11:15,Keep it up!
Jack,Alice,Mention,1/3/2025 4:24,Nice insight!
Grace,Jack,Mention,1/1/2025 8:22,Check this out!
Jack,Bob,Follow,1/3/2025 13:38,Amazing content!
Ivy,Jack,Follow,1/2/2025 9:52,Happy to connect.
David,Alice,Mention,1/3/2025 16:08,Excellent content!
Hannah,Eve,Comment,1/1/2025 13:50,Thanks for sharing!
David,Ivy,Follow,1/1/2025 21:49,Great post!
Grace,Bob,Share,1/3/2025 16:20,Amazing content!
Jack,David,Comment,1/3/2025 14:42,Great post!
Grace,Ivy,Comment,1/3/2025 20:00,Great post!
Bob,Charlie,Comment,1/2/2025 13:26,Interesting thought.
Jack,Eve,Comment,1/3/2025 21:12,Great post!
Hannah,David,Follow,1/1/2025 14:42,Great post!
Alice,Bob,Mention,1/2/2025 0:31,Happy to connect.
Jack,Hannah,Share,1/3/2025 13:18,Inspirational!
Bob,Frank,Follow,1/3/2025 13:53,Interesting thought.
Hannah,Eve,Follow,1/1/2025 16:32,Keep it up!
Alice,Grace,Share,1/2/2025 9:33,Keep it up!
Grace,Eve,Mention,1/2/2025 11:04,"Very useful, thanks!"
Alice,Ivy,Follow,1/1/2025 17:53,Excellent content!
Bob,Alice,Mention,1/1/2025 7:46,Keep it up!
Frank,Hannah,Comment,1/3/2025 7:38,Nice insight!
Hannah,Eve,Share,1/1/2025 16:19,Following you now.
Bob,Grace,Follow,1/3/2025 21:44,Love it!
Jack,Ivy,Mention,1/2/2025 15:23,Following you now.
Ivy,Hannah,Comment,1/2/2025 8:30,Amazing content!
Grace,Frank,Like,1/1/2025 11:59,Fantastic idea!
Charlie,Bob,Like,1/3/2025 8:24,Interesting thought.
Frank,Bob,Share,1/3/2025 1:40,Inspirational!
Grace,Ivy,Follow,1/2/2025 2:49,Amazing content!
Charlie,Eve,Follow,1/2/2025 12:36,"Very useful, thanks!"
Eve,Alice,Mention,1/3/2025 7:09,Amazing content!
Alice,Charlie,Like,1/3/2025 1:32,Happy to connect.
Jack,Charlie,Mention,1/2/2025 9:36,Happy to connect.
Ivy,David,Follow,1/1/2025 9:59,Excellent content!
Bob,Eve,Comment,1/2/2025 22:58,Interesting thought.
Bob,Grace,Like,1/3/2025 14:32,Interesting thought.
Charlie,Frank,Mention,1/3/2025 17:51,Check this out!
Eve,Bob,Mention,1/2/2025 9:06,Love it!
Ivy,Jack,Follow,1/1/2025 17:55,Nice insight!
Bob,Grace,Follow,1/1/2025 18:46,Thanks for sharing!
Grace,Bob,Comment,1/3/2025 20:26,Love it!
Frank,David,Follow,1/2/2025 18:06,Thanks for sharing!
Alice,Grace,Follow,1/3/2025 6:30,Thanks for sharing!
